{
  "workspace": "./heady-fleet",
  "projects": [
    {
      "slug": "auth-service",
      "apex_domain": "auth.heady.io",
      "trust_domain": "Identity_Root"
    },
    {
      "slug": "guardian-gateway",
      "vertical": "security",
      "trust_domain": "Security_Root"
    },
    {
      "slug": "home-hub-beta",
      "vertical": "home",
      "type": "hardware"
    },
    {
      "slug": "symphony-node-01",
      "vertical": "symphony"
    },
    {
      "slug": "heady-bank-core",
      "vertical": "finance"
    }
  ]
}